source,target
N0,N1
N0,N35
N0,N162
N0,N326
N0,N392
N0,N584
N0,N658
N0,N691
N1,N2
N1,N109
N1,N141
N1,N650
N1,N663
N1,N997
N2,N3
N2,N20
N2,N95
N2,N452
N2,N911
N3,N4
N3,N86
N3,N423
N3,N586
N3,N632
N3,N655
N3,N852
N4,N5
N4,N208
N4,N510
N4,N544
N4,N587
N5,N6
N5,N439
N5,N720
N5,N749
N6,N7
N6,N591
N6,N836
N6,N901
N7,N8
N7,N63
N7,N110
N7,N349
N7,N384
N7,N594
N7,N766
N7,N991
N8,N9
N8,N125
N8,N399
N8,N627
N8,N656
N8,N692
N8,N854
N9,N10
N9,N125
N9,N197
N9,N318
N9,N650
N9,N677
N9,N808
N9,N991
N10,N11
N10,N35
N10,N271
N10,N325
N10,N521
N10,N604
N10,N776
N11,N12
N11,N299
N11,N704
N11,N890
N11,N919
N12,N13
N12,N44
N12,N286
N12,N507
N12,N902
N12,N939
N12,N945
N13,N14
N13,N224
N13,N264
N13,N822
N14,N15
N14,N427
N15,N16
N15,N325
N15,N669
N15,N749
N15,N798
N15,N979
N16,N17
N16,N504
N16,N518
N16,N587
N16,N861
N17,N18
N17,N315
N17,N690
N17,N741
N17,N981
N17,N992
N18,N19
N18,N175
N18,N233
N18,N419
N18,N902
N19,N20
N19,N318
N19,N523
N19,N527
N19,N711
N19,N802
N19,N825
N20,N21
N20,N620
N20,N653
N20,N819
N20,N887
N21,N22
N21,N33
N21,N156
N21,N400
N21,N402
N22,N5
N22,N23
N22,N111
N22,N171
N22,N174
N22,N367
N22,N547
N22,N555
N22,N872
N22,N945
N23,N24
N23,N701
N23,N969
N24,N17
N24,N25
N24,N75
N24,N93
N24,N333
N24,N538
N24,N760
N24,N923
N25,N26
N25,N191
N25,N404
N25,N488
N25,N762
N26,N27
N26,N29
N26,N189
N26,N300
N26,N511
N26,N721
N26,N759
N26,N775
N27,N28
N27,N562
N27,N966
N28,N22
N28,N26
N28,N29
N28,N448
N28,N459
N28,N496
N28,N571
N28,N627
N28,N654
N28,N813
N29,N30
N29,N363
N29,N646
N29,N910
N29,N958
N30,N31
N30,N416
N30,N542
N30,N583
N30,N638
N30,N677
N30,N714
N30,N849
N31,N32
N31,N114
N31,N600
N31,N794
N32,N33
N32,N108
N32,N503
N32,N987
N33,N34
N33,N107
N33,N764
N33,N832
N33,N857
N34,N35
N34,N142
N34,N928
N34,N948
N35,N36
N35,N221
N35,N801
N36,N3
N36,N29
N36,N33
N36,N37
N36,N590
N36,N672
N36,N776
N36,N956
N36,N970
N36,N999
N37,N38
N37,N55
N37,N349
N37,N422
N37,N516
N37,N752
N37,N756
N37,N899
N37,N936
N38,N39
N38,N69
N38,N199
N38,N457
N38,N653
N38,N822
N39,N40
N39,N182
N39,N525
N40,N41
N40,N237
N40,N271
N40,N487
N40,N868
N41,N42
N41,N937
N42,N43
N42,N116
N42,N272
N42,N541
N42,N768
N42,N777
N43,N9
N43,N44
N43,N394
N43,N439
N43,N507
N43,N712
N43,N868
N43,N888
N43,N951
N44,N25
N44,N45
N44,N77
N44,N85
N44,N112
N44,N217
N44,N580
N44,N722
N44,N739
N44,N770
N45,N46
N45,N303
N45,N522
N45,N873
N46,N33
N46,N47
N46,N58
N46,N96
N46,N201
N46,N443
N46,N713
N46,N828
N47,N48
N47,N65
N47,N227
N47,N235
N47,N644
N47,N988
N48,N49
N48,N216
N48,N272
N48,N480
N48,N659
N48,N768
N48,N779
N48,N824
N49,N50
N49,N477
N49,N717
N49,N938
N49,N976
N50,N51
N50,N68
N50,N76
N50,N82
N50,N151
N50,N317
N50,N624
N50,N700
N50,N798
N50,N837
N50,N890
N51,N52
N51,N722
N51,N785
N51,N903
N52,N30
N52,N53
N52,N147
N52,N160
N52,N211
N52,N214
N52,N280
N52,N343
N52,N989
N53,N28
N53,N54
N53,N522
N53,N623
N53,N836
N53,N920
N54,N5
N54,N55
N54,N215
N54,N331
N54,N485
N54,N560
N54,N844
N54,N894
N55,N56
N55,N278
N55,N404
N55,N461
N56,N57
N56,N693
N56,N713
N56,N840
N57,N58
N57,N386
N57,N921
N58,N59
N58,N315
N59,N60
N59,N256
N59,N268
N59,N336
N59,N389
N59,N473
N59,N746
N60,N61
N60,N416
N60,N529
N60,N624
N60,N669
N60,N758
N60,N771
N60,N824
N60,N887
N61,N62
N61,N104
N61,N247
N61,N290
N61,N509
N61,N713
N61,N790
N61,N872
N62,N23
N62,N34
N62,N63
N62,N395
N62,N476
N62,N547
N62,N575
N63,N64
N63,N517
N63,N553
N63,N609
N63,N627
N63,N665
N63,N676
N64,N65
N64,N165
N64,N492
N64,N862
N64,N965
N65,N58
N65,N66
N65,N901
N66,N67
N66,N373
N66,N755
N67,N6
N67,N68
N67,N207
N67,N219
N67,N255
N67,N415
N67,N435
N67,N611
N67,N889
N68,N66
N68,N69
N68,N203
N68,N210
N68,N287
N68,N509
N68,N517
N69,N70
N69,N256
N69,N257
N69,N370
N69,N710
N69,N737
N69,N793
N69,N823
N69,N923
N70,N71
N70,N185
N70,N215
N70,N392
N70,N591
N70,N895
N71,N72
N71,N93
N71,N576
N72,N19
N72,N73
N72,N520
N72,N887
N72,N895
N72,N950
N73,N74
N73,N330
N73,N409
N73,N428
N73,N670
N73,N766
N74,N26
N74,N75
N74,N238
N74,N474
N74,N539
N74,N587
N74,N640
N74,N842
N75,N44
N75,N76
N75,N103
N75,N350
N75,N507
N75,N807
N76,N27
N76,N59
N76,N77
N76,N243
N76,N296
N76,N475
N76,N498
N76,N913
N77,N49
N77,N78
N77,N401
N77,N527
N77,N768
N78,N18
N78,N52
N78,N79
N78,N485
N78,N708
N78,N827
N79,N80
N79,N97
N79,N123
N79,N213
N79,N362
N79,N553
N79,N813
N79,N885
N80,N81
N80,N204
N80,N319
N80,N555
N80,N651
N80,N939
N81,N4
N81,N82
N81,N111
N81,N180
N81,N895
N81,N966
N82,N65
N82,N83
N82,N110
N82,N149
N82,N222
N82,N407
N82,N719
N82,N790
N83,N27
N83,N84
N83,N146
N83,N185
N83,N265
N83,N382
N83,N532
N83,N572
N83,N688
N83,N732
N84,N85
N84,N213
N84,N681
N84,N786
N85,N86
N85,N186
N85,N600
N85,N682
N85,N909
N85,N937
N86,N15
N86,N87
N86,N345
N86,N458
N86,N526
N86,N530
N86,N707
N87,N49
N87,N88
N87,N269
N87,N292
N87,N328
N87,N361
N87,N626
N87,N786
N88,N89
N88,N135
N88,N495
N88,N552
N88,N732
N88,N747
N89,N20
N89,N90
N89,N282
N89,N422
N89,N442
N89,N865
N89,N874
N89,N878
N89,N883
N89,N936
N89,N977
N90,N91
N90,N434
N90,N581
N90,N855
N90,N905
N91,N0
N91,N13
N91,N59
N91,N92
N91,N302
N91,N633
N92,N27
N92,N93
N92,N122
N92,N318
N92,N392
N92,N492
N92,N612
N92,N751
N93,N94
N93,N199
N93,N781
N94,N87
N94,N95
N94,N536
N94,N848
N95,N96
N95,N132
N95,N352
N95,N566
N95,N575
N95,N916
N96,N97
N96,N201
N96,N218
N96,N226
N96,N520
N96,N665
N96,N766
N96,N768
N97,N33
N97,N98
N97,N254
N97,N294
N97,N432
N98,N99
N98,N270
N98,N435
N98,N536
N99,N9
N99,N100
N99,N136
N99,N366
N99,N432
N99,N974
N100,N101
N100,N215
N100,N448
N100,N862
N101,N5
N101,N61
N101,N102
N101,N108
N101,N132
N101,N443
N101,N551
N101,N558
N102,N103
N102,N245
N102,N300
N102,N408
N102,N770
N102,N918
N103,N104
N103,N275
N103,N374
N103,N425
N103,N693
N103,N705
N103,N970
N104,N105
N104,N229
N104,N441
N104,N614
N104,N707
N104,N731
N105,N106
N105,N319
N105,N633
N105,N645
N105,N748
N105,N991
N106,N107
N106,N422
N106,N521
N106,N591
N106,N777
N106,N865
N106,N986
N107,N108
N107,N463
N107,N578
N107,N605
N107,N678
N107,N779
N107,N961
N108,N109
N108,N454
N108,N586
N108,N758
N109,N110
N109,N175
N109,N244
N109,N704
N109,N760
N109,N878
N110,N64
N110,N111
N110,N163
N110,N196
N110,N210
N110,N290
N110,N543
N110,N582
N110,N636
N110,N638
N110,N881
N111,N23
N111,N112
N111,N191
N111,N193
N111,N286
N111,N403
N111,N427
N111,N530
N111,N783
N112,N3
N112,N67
N112,N113
N112,N429
N112,N653
N112,N690
N112,N759
N113,N114
N113,N148
N113,N335
N113,N576
N113,N700
N113,N724
N113,N910
N113,N957
N113,N965
N114,N115
N114,N573
N114,N765
N115,N55
N115,N116
N115,N601
N115,N646
N115,N808
N116,N73
N116,N117
N116,N377
N116,N400
N116,N443
N117,N16
N117,N104
N117,N118
N117,N636
N117,N657
N117,N920
N118,N11
N118,N119
N118,N452
N118,N968
N119,N81
N119,N120
N119,N259
N119,N262
N119,N647
N119,N716
N119,N885
N120,N121
N120,N250
N120,N713
N120,N973
N121,N42
N121,N81
N121,N122
N121,N432
N121,N611
N122,N25
N122,N123
N122,N197
N122,N544
N122,N933
N122,N978
N123,N16
N123,N20
N123,N124
N123,N165
N123,N327
N123,N510
N123,N556
N123,N849
N123,N890
N124,N105
N124,N125
N124,N294
N124,N535
N124,N694
N124,N872
N124,N915
N124,N927
N125,N126
N125,N209
N125,N863
N126,N91
N126,N127
N126,N243
N126,N686
N126,N885
N127,N72
N127,N128
N127,N378
N127,N420
N127,N517
N127,N604
N127,N626
N127,N698
N127,N894
N127,N921
N128,N3
N128,N49
N128,N129
N128,N752
N128,N929
N128,N965
N129,N15
N129,N130
N129,N372
N129,N629
N129,N728
N129,N750
N129,N791
N129,N857
N129,N918
N129,N931
N130,N131
N130,N898
N130,N978
N131,N37
N131,N132
N131,N379
N131,N577
N131,N696
N132,N60
N132,N64
N132,N133
N132,N156
N132,N334
N132,N434
N132,N590
N132,N827
N132,N853
N133,N134
N133,N359
N133,N565
N133,N587
N134,N135
N134,N310
N134,N397
N134,N487
N134,N611
N135,N101
N135,N136
N135,N148
N135,N159
N135,N495
N135,N558
N135,N627
N135,N763
N135,N794
N136,N137
N136,N238
N136,N264
N136,N343
N136,N438
N136,N571
N136,N784
N137,N83
N137,N138
N137,N160
N137,N179
N137,N221
N137,N565
N137,N598
N138,N139
N138,N563
N138,N617
N139,N140
N139,N293
N139,N371
N139,N656
N140,N141
N140,N804
N140,N822
N140,N979
N141,N97
N141,N142
N141,N213
N141,N574
N141,N630
N141,N743
N141,N862
N141,N938
N142,N143
N142,N148
N142,N172
N142,N333
N142,N533
N142,N742
N142,N771
N143,N118
N143,N144
N143,N187
N143,N361
N143,N746
N143,N792
N143,N874
N143,N880
N143,N993
N144,N145
N144,N216
N144,N347
N144,N455
N144,N524
N144,N648
N144,N739
N144,N818
N145,N146
N145,N531
N145,N716
N145,N966
N145,N997
N146,N51
N146,N74
N146,N147
N146,N406
N146,N418
N146,N422
N146,N725
N147,N97
N147,N148
N147,N251
N147,N258
N147,N382
N147,N574
N147,N921
N148,N149
N148,N427
N148,N491
N149,N109
N149,N150
N149,N235
N149,N271
N149,N274
N149,N286
N149,N716
N150,N105
N150,N151
N150,N494
N150,N906
N151,N152
N151,N236
N151,N380
N151,N583
N151,N586
N151,N607
N151,N708
N151,N949
N151,N992
N152,N112
N152,N153
N152,N185
N152,N347
N152,N353
N152,N618
N152,N653
N152,N749
N152,N855
N153,N60
N153,N154
N153,N408
N153,N421
N153,N571
N153,N727
N154,N97
N154,N155
N154,N687
N154,N804
N154,N895
N154,N899
N155,N32
N155,N156
N155,N571
N155,N813
N156,N157
N156,N495
N156,N752
N156,N923
N156,N931
N157,N27
N157,N33
N157,N158
N157,N354
N158,N159
N158,N490
N158,N933
N159,N84
N159,N160
N159,N226
N159,N293
N159,N704
N159,N920
N160,N39
N160,N57
N160,N114
N160,N161
N160,N356
N161,N162
N161,N290
N162,N163
N162,N617
N162,N711
N162,N880
N163,N4
N163,N164
N163,N227
N163,N427
N163,N547
N163,N550
N163,N568
N163,N660
N163,N945
N163,N983
N163,N988
N164,N165
N164,N616
N164,N776
N164,N860
N164,N963
N165,N104
N165,N118
N165,N123
N165,N166
N165,N243
N166,N167
N166,N317
N166,N320
N166,N457
N166,N752
N166,N760
N166,N802
N166,N992
N166,N998
N167,N58
N167,N168
N167,N246
N167,N476
N167,N585
N167,N778
N167,N889
N167,N933
N168,N61
N168,N169
N168,N261
N168,N514
N168,N558
N168,N660
N168,N701
N168,N740
N169,N43
N169,N170
N169,N186
N169,N337
N169,N582
N169,N656
N169,N659
N170,N106
N170,N112
N170,N171
N170,N224
N170,N260
N170,N599
N170,N641
N170,N788
N171,N172
N171,N177
N171,N242
N171,N259
N171,N412
N171,N560
N171,N567
N171,N636
N171,N756
N172,N146
N172,N173
N172,N839
N173,N73
N173,N170
N173,N174
N173,N212
N173,N236
N173,N308
N173,N703
N173,N849
N174,N1
N174,N137
N174,N175
N174,N268
N174,N369
N174,N405
N174,N680
N174,N949
N174,N979
N175,N10
N175,N176
N175,N353
N175,N407
N175,N465
N175,N593
N175,N685
N175,N694
N175,N695
N175,N849
N175,N858
N175,N898
N176,N177
N176,N422
N176,N457
N176,N482
N176,N599
N176,N830
N176,N927
N177,N178
N177,N256
N177,N756
N178,N89
N178,N179
N178,N205
N178,N926
N178,N972
N179,N180
N179,N304
N179,N912
N180,N181
N180,N859
N180,N929
N180,N972
N181,N39
N181,N100
N181,N182
N181,N393
N181,N530
N182,N7
N182,N27
N182,N183
N182,N739
N182,N973
N183,N127
N183,N168
N183,N184
N183,N455
N183,N546
N183,N604
N183,N716
N184,N157
N184,N185
N184,N324
N184,N587
N184,N701
N185,N186
N185,N346
N185,N491
N185,N942
N186,N143
N186,N187
N186,N272
N186,N654
N186,N712
N187,N105
N187,N188
N187,N263
N187,N463
N187,N966
N188,N172
N188,N189
N188,N468
N188,N719
N188,N928
N189,N190
N189,N244
N189,N285
N189,N322
N189,N344
N189,N380
N189,N672
N189,N713
N189,N890
N189,N897
N190,N0
N190,N51
N190,N191
N190,N386
N190,N424
N190,N562
N190,N776
N190,N805
N190,N817
N190,N865
N190,N869
N191,N13
N191,N65
N191,N192
N191,N239
N191,N721
N191,N905
N191,N990
N192,N78
N192,N193
N192,N320
N192,N392
N192,N428
N193,N194
N193,N222
N193,N827
N194,N5
N194,N112
N194,N195
N194,N287
N194,N598
N194,N777
N194,N856
N194,N914
N195,N118
N195,N130
N195,N148
N195,N196
N195,N371
N195,N507
N195,N979
N195,N985
N196,N27
N196,N197
N196,N369
N196,N535
N196,N971
N197,N82
N197,N198
N197,N525
N197,N543
N197,N599
N197,N766
N198,N137
N198,N199
N198,N501
N199,N12
N199,N200
N199,N209
N199,N234
N199,N409
N199,N427
N199,N869
N199,N919
N199,N941
N200,N66
N200,N109
N200,N201
N200,N310
N200,N599
N200,N710
N200,N797
N200,N854
N200,N965
N201,N28
N201,N111
N201,N202
N201,N370
N201,N406
N201,N596
N202,N93
N202,N96
N202,N203
N202,N487
N202,N501
N202,N639
N202,N909
N203,N204
N203,N336
N203,N643
N203,N657
N203,N822
N203,N995
N204,N186
N204,N205
N204,N819
N204,N853
N205,N188
N205,N201
N205,N206
N205,N344
N205,N468
N205,N602
N205,N720
N205,N927
N206,N185
N206,N207
N206,N483
N207,N208
N207,N268
N207,N457
N207,N458
N207,N463
N207,N474
N207,N969
N208,N3
N208,N209
N208,N314
N208,N496
N208,N709
N208,N747
N209,N13
N209,N210
N209,N455
N209,N711
N209,N920
N209,N935
N209,N951
N209,N974
N210,N127
N210,N211
N210,N254
N210,N330
N210,N370
N210,N380
N210,N449
N210,N604
N210,N657
N210,N798
N210,N811
N211,N176
N211,N212
N211,N883
N212,N213
N212,N226
N212,N270
N212,N325
N212,N333
N213,N214
N213,N577
N213,N735
N213,N869
N213,N958
N214,N215
N214,N335
N214,N531
N214,N685
N214,N863
N214,N873
N214,N881
N215,N216
N215,N239
N215,N272
N215,N787
N216,N50
N216,N73
N216,N207
N216,N217
N216,N222
N216,N518
N216,N633
N216,N735
N216,N868
N216,N901
N217,N40
N217,N128
N217,N218
N217,N240
N217,N670
N217,N768
N217,N929
N217,N991
N218,N219
N218,N588
N218,N646
N218,N889
N218,N906
N219,N12
N219,N17
N219,N104
N219,N220
N219,N325
N219,N560
N219,N768
N219,N897
N220,N221
N220,N290
N220,N355
N220,N541
N220,N990
N221,N21
N221,N82
N221,N222
N221,N356
N221,N377
N221,N698
N222,N223
N222,N420
N222,N443
N222,N467
N222,N491
N222,N779
N222,N900
N223,N156
N223,N224
N223,N428
N223,N621
N223,N743
N223,N751
N223,N887
N223,N910
N224,N116
N224,N196
N224,N225
N224,N319
N224,N330
N224,N348
N224,N374
N224,N382
N224,N625
N224,N690
N224,N848
N225,N210
N225,N226
N225,N306
N225,N308
N225,N437
N225,N713
N225,N852
N226,N24
N226,N100
N226,N227
N226,N304
N226,N363
N226,N538
N226,N666
N226,N712
N226,N772
N227,N14
N227,N27
N227,N228
N227,N651
N228,N229
N228,N348
N228,N715
N228,N939
N229,N1
N229,N32
N229,N230
N229,N371
N229,N745
N229,N903
N230,N182
N230,N231
N230,N253
N230,N804
N231,N149
N231,N232
N231,N293
N231,N463
N231,N486
N231,N566
N231,N718
N232,N233
N232,N328
N232,N393
N232,N519
N232,N520
N232,N605
N232,N861
N232,N926
N233,N120
N233,N187
N233,N234
N233,N817
N234,N230
N234,N235
N234,N348
N234,N413
N234,N483
N234,N803
N234,N994
N235,N236
N235,N303
N235,N816
N235,N992
N236,N35
N236,N51
N236,N237
N236,N357
N236,N394
N236,N795
N237,N114
N237,N238
N237,N392
N237,N521
N237,N549
N237,N839
N237,N863
N237,N910
N238,N2
N238,N239
N238,N552
N238,N801
N239,N143
N239,N240
N239,N371
N239,N878
N239,N949
N240,N92
N240,N96
N240,N150
N240,N241
N240,N265
N240,N315
N240,N457
N240,N869
N241,N114
N241,N242
N241,N835
N242,N128
N242,N139
N242,N243
N242,N277
N242,N917
N243,N244
N243,N706
N243,N836
N243,N881
N243,N923
N244,N43
N244,N245
N244,N871
N245,N48
N245,N246
N245,N600
N245,N630
N245,N774
N246,N247
N246,N327
N247,N248
N247,N340
N247,N350
N247,N362
N247,N552
N247,N664
N247,N792
N248,N38
N248,N140
N248,N249
N248,N572
N248,N847
N248,N911
N249,N69
N249,N135
N249,N250
N249,N281
N249,N381
N249,N523
N249,N563
N249,N712
N250,N251
N250,N275
N250,N511
N250,N641
N250,N724
N250,N948
N251,N252
N251,N425
N251,N579
N251,N692
N251,N720
N251,N926
N252,N253
N252,N683
N253,N254
N253,N500
N253,N514
N253,N666
N253,N743
N253,N875
N253,N918
N254,N109
N254,N158
N254,N165
N254,N255
N254,N455
N254,N569
N254,N951
N254,N966
N254,N973
N255,N186
N255,N235
N255,N256
N255,N282
N255,N306
N255,N591
N255,N661
N255,N708
N255,N906
N256,N257
N256,N323
N256,N352
N256,N398
N256,N506
N256,N550
N256,N568
N256,N598
N256,N617
N256,N641
N256,N885
N256,N896
N256,N955
N256,N965
N257,N66
N257,N215
N257,N245
N257,N258
N257,N493
N257,N510
N258,N70
N258,N181
N258,N233
N258,N259
N258,N441
N258,N490
N258,N504
N258,N558
N258,N785
N258,N943
N258,N948
N259,N133
N259,N183
N259,N235
N259,N260
N259,N653
N259,N880
N259,N900
N260,N237
N260,N261
N260,N469
N260,N472
N260,N630
N260,N685
N260,N748
N261,N171
N261,N195
N261,N227
N261,N262
N261,N646
N261,N690
N262,N110
N262,N249
N262,N263
N262,N270
N262,N366
N262,N503
N262,N846
N262,N848
N262,N871
N262,N952
N263,N225
N263,N229
N263,N264
N263,N531
N263,N690
N263,N721
N264,N265
N264,N268
N264,N574
N264,N796
N265,N99
N265,N266
N265,N544
N265,N582
N265,N738
N265,N760
N265,N822
N266,N68
N266,N94
N266,N267
N266,N388
N266,N430
N266,N855
N267,N268
N267,N538
N267,N585
N267,N795
N268,N53
N268,N260
N268,N269
N268,N364
N268,N683
N268,N806
N268,N914
N269,N25
N269,N198
N269,N270
N269,N388
N269,N418
N269,N809
N269,N937
N270,N47
N270,N219
N270,N271
N270,N309
N270,N409
N270,N446
N270,N551
N270,N572
N270,N589
N270,N719
N270,N930
N271,N272
N271,N473
N271,N522
N271,N707
N271,N813
N271,N857
N272,N273
N272,N307
N272,N318
N272,N367
N272,N397
N272,N848
N272,N995
N273,N120
N273,N274
N273,N388
N273,N502
N273,N585
N273,N819
N274,N11
N274,N112
N274,N275
N274,N289
N274,N293
N274,N379
N275,N264
N275,N276
N275,N311
N275,N335
N275,N336
N275,N535
N275,N562
N275,N598
N276,N74
N276,N253
N276,N277
N276,N466
N276,N867
N276,N908
N276,N926
N277,N278
N277,N327
N277,N369
N277,N667
N277,N871
N278,N103
N278,N270
N278,N279
N278,N418
N278,N932
N279,N171
N279,N280
N279,N417
N279,N463
N279,N541
N279,N633
N279,N871
N280,N66
N280,N281
N281,N178
N281,N282
N281,N295
N281,N526
N281,N903
N282,N262
N282,N283
N282,N646
N282,N904
N283,N53
N283,N284
N283,N857
N283,N970
N284,N135
N284,N285
N284,N408
N284,N420
N284,N741
N285,N57
N285,N122
N285,N280
N285,N286
N285,N403
N285,N451
N285,N802
N286,N38
N286,N48
N286,N224
N286,N287
N286,N508
N286,N577
N286,N595
N286,N605
N286,N654
N286,N956
N287,N17
N287,N98
N287,N288
N287,N293
N287,N577
N287,N635
N287,N917
N288,N111
N288,N289
N288,N931
N288,N986
N289,N290
N289,N833
N290,N42
N290,N219
N290,N291
N290,N731
N291,N292
N291,N329
N291,N821
N291,N850
N291,N969
N292,N2
N292,N293
N292,N724
N292,N802
N293,N52
N293,N80
N293,N294
N293,N494
N293,N529
N293,N653
N293,N801
N293,N853
N294,N150
N294,N173
N294,N277
N294,N295
N294,N754
N295,N35
N295,N296
N295,N392
N295,N584
N295,N591
N295,N683
N295,N822
N295,N862
N296,N9
N296,N297
N297,N154
N297,N298
N297,N412
N297,N428
N297,N530
N297,N751
N297,N821
N297,N889
N297,N961
N298,N29
N298,N242
N298,N281
N298,N299
N298,N421
N298,N964
N299,N14
N299,N300
N299,N345
N299,N528
N300,N55
N300,N224
N300,N263
N300,N301
N301,N302
N301,N669
N301,N708
N301,N792
N301,N798
N301,N810
N301,N866
N302,N246
N302,N303
N302,N459
N302,N582
N302,N770
N303,N304
N303,N449
N303,N489
N303,N604
N303,N721
N303,N936
N304,N78
N304,N305
N304,N409
N304,N660
N305,N203
N305,N306
N305,N533
N305,N734
N305,N855
N305,N939
N306,N157
N306,N217
N306,N307
N306,N343
N306,N703
N306,N710
N306,N822
N306,N896
N306,N956
N306,N973
N307,N14
N307,N52
N307,N98
N307,N184
N307,N212
N307,N308
N307,N443
N307,N531
N307,N601
N307,N855
N307,N997
N308,N6
N308,N15
N308,N78
N308,N309
N308,N371
N309,N79
N309,N82
N309,N310
N309,N373
N309,N450
N309,N595
N309,N759
N310,N311
N310,N341
N310,N345
N310,N353
N310,N726
N310,N811
N311,N156
N311,N312
N311,N325
N311,N419
N311,N675
N311,N885
N312,N90
N312,N233
N312,N234
N312,N252
N312,N313
N312,N410
N312,N998
N313,N314
N313,N324
N313,N551
N313,N559
N313,N706
N313,N938
N314,N315
N314,N354
N314,N500
N314,N508
N314,N544
N314,N873
N314,N927
N315,N262
N315,N316
N315,N617
N315,N647
N315,N724
N315,N889
N315,N922
N315,N941
N316,N258
N316,N304
N316,N306
N316,N317
N316,N640
N316,N822
N317,N199
N317,N299
N317,N318
N317,N625
N317,N699
N318,N302
N318,N319
N318,N669
N318,N802
N319,N298
N319,N320
N319,N418
N319,N497
N319,N734
N319,N904
N320,N146
N320,N208
N320,N309
N320,N321
N320,N381
N320,N434
N320,N527
N320,N710
N321,N157
N321,N307
N321,N322
N321,N714
N321,N747
N321,N764
N322,N259
N322,N323
N322,N365
N322,N714
N323,N82
N323,N112
N323,N211
N323,N272
N323,N318
N323,N324
N323,N451
N323,N708
N323,N738
N324,N325
N324,N402
N324,N420
N324,N479
N324,N671
N324,N847
N325,N87
N325,N326
N325,N644
N325,N714
N325,N832
N325,N879
N326,N22
N326,N120
N326,N253
N326,N258
N326,N324
N326,N327
N326,N450
N326,N683
N326,N710
N327,N29
N327,N107
N327,N328
N327,N493
N327,N561
N327,N696
N328,N329
N328,N411
N328,N660
N328,N765
N329,N147
N329,N251
N329,N330
N329,N575
N329,N607
N329,N633
N329,N840
N329,N888
N330,N20
N330,N51
N330,N82
N330,N141
N330,N150
N330,N168
N330,N331
N330,N678
N331,N5
N331,N115
N331,N151
N331,N185
N331,N195
N331,N332
N331,N374
N331,N518
N331,N562
N331,N749
N331,N755
N332,N288
N332,N333
N332,N564
N332,N626
N332,N668
N332,N835
N332,N859
N332,N990
N333,N218
N333,N334
N333,N834
N334,N223
N334,N335
N334,N412
N334,N577
N334,N604
N334,N970
N335,N123
N335,N336
N335,N349
N335,N738
N335,N774
N335,N927
N336,N337
N336,N401
N336,N470
N336,N902
N337,N338
N337,N691
N337,N720
N337,N730
N338,N277
N338,N286
N338,N339
N338,N515
N338,N680
N338,N871
N339,N217
N339,N340
N339,N436
N339,N579
N339,N601
N339,N639
N340,N157
N340,N182
N340,N341
N340,N443
N340,N819
N341,N92
N341,N342
N341,N768
N342,N343
N342,N429
N342,N590
N342,N634
N342,N993
N343,N229
N343,N282
N343,N344
N343,N457
N343,N463
N343,N613
N343,N738
N344,N26
N344,N200
N344,N345
N344,N422
N345,N43
N345,N346
N345,N355
N345,N603
N345,N624
N345,N769
N346,N49
N346,N60
N346,N65
N346,N74
N346,N207
N346,N265
N346,N347
N346,N429
N346,N545
N346,N549
N346,N595
N346,N763
N346,N922
N347,N121
N347,N230
N347,N348
N347,N524
N347,N723
N347,N974
N348,N36
N348,N52
N348,N152
N348,N225
N348,N286
N348,N349
N348,N469
N349,N268
N349,N341
N349,N350
N349,N416
N349,N881
N350,N7
N350,N65
N350,N351
N350,N352
N350,N699
N351,N121
N351,N230
N351,N352
N351,N681
N351,N700
N351,N855
N351,N936
N352,N175
N352,N353
N352,N356
N352,N362
N352,N593
N352,N760
N353,N208
N353,N354
N353,N460
N353,N562
N354,N355
N354,N551
N354,N576
N354,N628
N354,N678
N354,N839
N355,N152
N355,N319
N355,N356
N355,N367
N355,N389
N356,N42
N356,N119
N356,N185
N356,N288
N356,N357
N356,N377
N356,N705
N356,N909
N357,N149
N357,N281
N357,N298
N357,N358
N357,N363
N357,N427
N357,N437
N357,N578
N357,N640
N358,N85
N358,N90
N358,N359
N358,N741
N358,N752
N359,N221
N359,N360
N359,N560
N359,N624
N359,N641
N359,N799
N359,N914
N359,N927
N360,N208
N360,N361
N360,N441
N360,N679
N360,N713
N360,N911
N361,N362
N361,N605
N361,N635
N361,N858
N362,N1
N362,N363
N362,N365
N362,N449
N362,N456
N362,N794
N363,N20
N363,N139
N363,N312
N363,N364
N363,N441
N363,N566
N363,N831
N364,N360
N364,N365
N364,N592
N364,N805
N365,N366
N365,N450
N365,N553
N365,N848
N366,N183
N366,N297
N366,N360
N366,N367
N366,N379
N367,N71
N367,N80
N367,N123
N367,N368
N367,N619
N367,N621
N367,N847
N368,N32
N368,N129
N368,N203
N368,N369
N368,N426
N368,N516
N368,N792
N369,N137
N369,N178
N369,N228
N369,N370
N369,N434
N369,N527
N369,N675
N369,N768
N370,N17
N370,N273
N370,N347
N370,N357
N370,N371
N370,N375
N370,N418
N370,N529
N370,N820
N371,N98
N371,N372
N371,N390
N371,N411
N371,N556
N371,N558
N371,N565
N371,N942
N372,N113
N372,N371
N372,N373
N372,N491
N372,N528
N372,N951
N373,N91
N373,N133
N373,N236
N373,N242
N373,N374
N373,N603
N373,N845
N373,N969
N374,N218
N374,N375
N374,N530
N374,N537
N374,N719
N374,N844
N374,N976
N375,N8
N375,N303
N375,N376
N375,N453
N375,N525
N375,N823
N376,N145
N376,N377
N376,N540
N377,N198
N377,N378
N377,N999
N378,N30
N378,N225
N378,N336
N378,N379
N378,N461
N379,N380
N379,N465
N379,N537
N379,N626
N379,N654
N379,N874
N379,N928
N380,N299
N380,N381
N380,N415
N380,N511
N380,N803
N380,N990
N381,N382
N381,N418
N381,N732
N381,N977
N382,N66
N382,N346
N382,N383
N382,N525
N382,N741
N383,N33
N383,N384
N383,N606
N383,N631
N384,N385
N384,N402
N384,N623
N384,N672
N384,N835
N384,N881
N385,N118
N385,N386
N385,N415
N385,N488
N385,N586
N385,N708
N385,N733
N385,N939
N386,N125
N386,N221
N386,N301
N386,N387
N386,N498
N386,N940
N387,N49
N387,N146
N387,N155
N387,N376
N387,N388
N387,N396
N387,N582
N387,N613
N387,N756
N388,N32
N388,N389
N388,N535
N388,N602
N389,N134
N389,N306
N389,N390
N389,N788
N389,N817
N389,N819
N389,N826
N389,N949
N389,N975
N389,N990
N390,N9
N390,N322
N390,N391
N390,N409
N390,N621
N390,N749
N391,N64
N391,N67
N391,N161
N391,N392
N391,N393
N391,N434
N392,N98
N392,N330
N392,N389
N392,N393
N392,N596
N392,N812
N393,N96
N393,N197
N393,N394
N393,N531
N393,N601
N393,N676
N393,N756
N393,N813
N393,N927
N394,N56
N394,N201
N394,N395
N394,N596
N395,N79
N395,N396
N395,N543
N395,N551
N395,N822
N395,N923
N396,N298
N396,N397
N396,N681
N396,N925
N397,N189
N397,N380
N397,N387
N397,N398
N397,N424
N397,N458
N397,N714
N397,N937
N397,N947
N397,N958
N398,N141
N398,N263
N398,N265
N398,N399
N398,N908
N398,N921
N399,N154
N399,N400
N399,N479
N399,N596
N399,N622
N399,N754
N399,N904
N400,N401
N400,N602
N400,N632
N400,N812
N400,N905
N401,N9
N401,N279
N401,N402
N401,N403
N401,N625
N402,N243
N402,N360
N402,N398
N402,N403
N402,N642
N402,N965
N403,N2
N403,N255
N403,N404
N403,N411
N404,N192
N404,N246
N404,N399
N404,N405
N404,N605
N404,N744
N404,N973
N405,N249
N405,N406
N405,N622
N405,N711
N405,N742
N406,N295
N406,N306
N406,N407
N406,N688
N407,N379
N407,N408
N407,N416
N407,N435
N407,N551
N407,N569
N407,N718
N407,N948
N407,N989
N408,N185
N408,N268
N408,N409
N408,N537
N408,N642
N408,N868
N408,N931
N409,N73
N409,N91
N409,N99
N409,N243
N409,N410
N409,N561
N409,N849
N409,N863
N410,N58
N410,N166
N410,N215
N410,N385
N410,N411
N410,N473
N410,N630
N410,N671
N410,N679
N411,N412
N412,N288
N412,N350
N412,N413
N412,N518
N412,N585
N412,N634
N412,N918
N413,N94
N413,N148
N413,N180
N413,N204
N413,N238
N413,N312
N413,N414
N413,N438
N413,N524
N413,N898
N413,N919
N413,N969
N414,N16
N414,N119
N414,N333
N414,N415
N414,N482
N414,N746
N415,N416
N415,N541
N415,N638
N415,N656
N415,N771
N416,N24
N416,N79
N416,N216
N416,N316
N416,N382
N416,N417
N416,N551
N416,N773
N416,N774
N416,N798
N416,N925
N417,N378
N417,N418
N417,N666
N417,N909
N417,N935
N418,N419
N418,N461
N418,N975
N419,N420
N420,N154
N420,N275
N420,N421
N420,N542
N420,N593
N420,N652
N420,N758
N420,N844
N420,N962
N421,N105
N421,N419
N421,N422
N421,N738
N422,N8
N422,N194
N422,N246
N422,N423
N422,N575
N423,N16
N423,N424
N423,N643
N423,N831
N423,N948
N423,N963
N423,N971
N424,N99
N424,N425
N424,N794
N424,N865
N425,N7
N425,N16
N425,N228
N425,N266
N425,N307
N425,N426
N426,N179
N426,N206
N426,N265
N426,N422
N426,N427
N426,N433
N426,N823
N426,N907
N426,N949
N427,N9
N427,N19
N427,N341
N427,N375
N427,N408
N427,N428
N427,N578
N427,N590
N427,N943
N428,N51
N428,N429
N428,N750
N429,N430
N429,N524
N429,N719
N430,N6
N430,N358
N430,N431
N430,N858
N431,N12
N431,N101
N431,N259
N431,N306
N431,N321
N431,N432
N431,N458
N431,N510
N431,N629
N432,N144
N432,N356
N432,N433
N432,N685
N433,N434
N433,N851
N433,N916
N434,N435
N434,N797
N435,N314
N435,N388
N435,N436
N435,N860
N435,N986
N436,N291
N436,N437
N436,N666
N436,N724
N436,N824
N436,N908
N437,N177
N437,N438
N437,N654
N438,N125
N438,N272
N438,N340
N438,N439
N438,N760
N438,N856
N439,N194
N439,N372
N439,N440
N439,N531
N439,N641
N439,N753
N440,N63
N440,N160
N440,N441
N440,N671
N441,N81
N441,N168
N441,N353
N441,N442
N441,N451
N441,N678
N441,N729
N441,N900
N442,N96
N442,N366
N442,N375
N442,N403
N442,N443
N442,N847
N443,N296
N443,N444
N443,N738
N443,N976
N444,N223
N444,N327
N444,N351
N444,N359
N444,N445
N445,N33
N445,N136
N445,N162
N445,N364
N445,N446
N445,N516
N445,N541
N445,N712
N446,N26
N446,N88
N446,N444
N446,N447
N446,N941
N447,N448
N447,N823
N448,N222
N448,N449
N448,N702
N448,N753
N449,N201
N449,N291
N449,N450
N449,N713
N450,N220
N450,N221
N450,N451
N450,N697
N451,N147
N451,N452
N451,N741
N452,N121
N452,N425
N452,N453
N453,N32
N453,N167
N453,N454
N453,N525
N453,N701
N453,N723
N453,N918
N453,N948
N454,N65
N454,N455
N454,N664
N454,N754
N454,N958
N454,N979
N454,N981
N455,N115
N455,N121
N455,N174
N455,N231
N455,N313
N455,N456
N455,N691
N455,N814
N455,N833
N456,N189
N456,N237
N456,N457
N456,N771
N457,N249
N457,N406
N457,N458
N457,N571
N457,N647
N457,N856
N457,N961
N458,N127
N458,N238
N458,N309
N458,N316
N458,N335
N458,N459
N458,N497
N458,N694
N458,N928
N459,N31
N459,N196
N459,N220
N459,N460
N460,N222
N460,N349
N460,N461
N460,N603
N460,N961
N461,N250
N461,N302
N461,N462
N462,N463
N462,N558
N462,N790
N462,N874
N462,N968
N463,N7
N463,N155
N463,N195
N463,N450
N463,N464
N463,N483
N463,N696
N463,N986
N464,N257
N464,N465
N464,N714
N464,N787
N464,N969
N465,N44
N465,N340
N465,N466
N465,N537
N465,N606
N465,N762
N465,N791
N465,N823
N466,N234
N466,N467
N466,N558
N467,N176
N467,N468
N467,N483
N467,N791
N467,N932
N468,N157
N468,N432
N468,N452
N468,N469
N469,N470
N469,N875
N470,N96
N470,N264
N470,N471
N471,N337
N471,N472
N471,N678
N471,N849
N471,N908
N472,N54
N472,N381
N472,N470
N472,N473
N473,N70
N473,N268
N473,N332
N473,N347
N473,N354
N473,N474
N473,N584
N473,N899
N474,N132
N474,N325
N474,N471
N474,N475
N474,N811
N474,N921
N474,N981
N475,N476
N475,N645
N475,N763
N476,N134
N476,N161
N476,N427
N476,N431
N476,N477
N476,N547
N476,N802
N476,N806
N476,N987
N477,N132
N477,N279
N477,N294
N477,N352
N477,N478
N477,N795
N477,N876
N478,N117
N478,N263
N478,N479
N478,N874
N479,N148
N479,N480
N479,N606
N479,N639
N479,N804
N480,N481
N480,N691
N480,N794
N480,N817
N480,N876
N481,N154
N481,N482
N481,N518
N482,N483
N482,N865
N482,N905
N483,N172
N483,N410
N483,N484
N483,N522
N483,N595
N483,N734
N483,N967
N484,N110
N484,N139
N484,N158
N484,N192
N484,N485
N484,N487
N484,N930
N485,N86
N485,N246
N485,N347
N485,N486
N485,N609
N485,N890
N486,N487
N486,N501
N486,N693
N486,N781
N487,N30
N487,N69
N487,N107
N487,N406
N487,N488
N487,N625
N487,N652
N488,N91
N488,N273
N488,N277
N488,N287
N488,N489
N488,N532
N488,N729
N488,N803
N489,N466
N489,N490
N489,N500
N489,N912
N489,N946
N490,N491
N490,N894
N491,N169
N491,N286
N491,N492
N491,N894
N491,N979
N492,N288
N492,N493
N493,N494
N493,N623
N493,N720
N493,N965
N494,N51
N494,N259
N494,N407
N494,N495
N494,N865
N495,N246
N495,N496
N495,N613
N495,N680
N495,N713
N495,N881
N495,N905
N495,N916
N496,N211
N496,N295
N496,N318
N496,N347
N496,N393
N496,N454
N496,N458
N496,N497
N496,N593
N497,N146
N497,N318
N497,N498
N497,N963
N498,N14
N498,N15
N498,N46
N498,N90
N498,N153
N498,N372
N498,N499
N498,N720
N499,N288
N499,N500
N499,N812
N499,N829
N500,N53
N500,N464
N500,N501
N500,N571
N500,N756
N500,N958
N501,N106
N501,N344
N501,N376
N501,N486
N501,N502
N501,N570
N501,N653
N501,N775
N501,N869
N501,N918
N502,N119
N502,N162
N502,N288
N502,N310
N502,N402
N502,N412
N502,N422
N502,N486
N502,N503
N502,N597
N502,N613
N502,N632
N502,N718
N502,N816
N502,N826
N503,N188
N503,N486
N503,N493
N503,N504
N503,N954
N503,N960
N504,N12
N504,N24
N504,N119
N504,N357
N504,N472
N504,N505
N504,N556
N505,N66
N505,N97
N505,N306
N505,N506
N505,N642
N506,N67
N506,N120
N506,N474
N506,N507
N506,N894
N507,N19
N507,N30
N507,N55
N507,N72
N507,N249
N507,N508
N507,N674
N507,N763
N508,N49
N508,N86
N508,N180
N508,N263
N508,N322
N508,N499
N508,N509
N508,N820
N508,N976
N509,N190
N509,N204
N509,N510
N509,N533
N509,N546
N509,N754
N509,N830
N509,N926
N509,N973
N510,N323
N510,N490
N510,N511
N510,N753
N511,N386
N511,N387
N511,N512
N511,N656
N512,N13
N512,N146
N512,N169
N512,N513
N512,N912
N512,N978
N513,N60
N513,N113
N513,N307
N513,N437
N513,N514
N513,N643
N513,N712
N513,N720
N514,N304
N514,N515
N514,N528
N514,N529
N514,N538
N514,N638
N515,N55
N515,N147
N515,N164
N515,N404
N515,N461
N515,N516
N515,N566
N515,N570
N515,N595
N515,N608
N515,N732
N515,N820
N515,N866
N516,N331
N516,N359
N516,N517
N516,N633
N516,N946
N517,N349
N517,N489
N517,N518
N517,N641
N517,N945
N518,N65
N518,N153
N518,N391
N518,N519
N519,N299
N519,N520
N519,N999
N520,N28
N520,N291
N520,N509
N520,N521
N520,N656
N520,N711
N521,N224
N521,N522
N521,N553
N521,N758
N522,N78
N522,N239
N522,N249
N522,N523
N522,N767
N522,N809
N522,N885
N523,N55
N523,N79
N523,N396
N523,N398
N523,N524
N523,N647
N524,N312
N524,N375
N524,N525
N524,N771
N524,N866
N524,N955
N524,N993
N525,N157
N525,N210
N525,N449
N525,N526
N525,N601
N525,N888
N526,N345
N526,N459
N526,N527
N526,N904
N526,N974
N527,N9
N527,N221
N527,N528
N527,N543
N528,N32
N528,N168
N528,N435
N528,N529
N528,N531
N529,N530
N530,N390
N530,N444
N530,N531
N530,N577
N530,N604
N530,N952
N530,N998
N531,N218
N531,N311
N531,N532
N531,N832
N532,N199
N532,N533
N532,N885
N533,N534
N534,N371
N534,N535
N534,N691
N535,N307
N535,N324
N535,N536
N535,N886
N535,N990
N536,N118
N536,N184
N536,N197
N536,N537
N536,N606
N536,N956
N537,N304
N537,N313
N537,N431
N537,N517
N537,N538
N537,N595
N537,N655
N537,N682
N537,N729
N537,N934
N538,N298
N538,N308
N538,N409
N538,N511
N538,N539
N538,N699
N538,N798
N538,N824
N538,N893
N539,N250
N539,N540
N539,N597
N539,N784
N539,N822
N540,N199
N540,N391
N540,N541
N540,N895
N541,N70
N541,N542
N541,N553
N541,N696
N541,N922
N541,N949
N542,N132
N542,N256
N542,N543
N542,N673
N542,N819
N543,N195
N543,N544
N543,N663
N544,N78
N544,N215
N544,N249
N544,N478
N544,N545
N544,N724
N544,N733
N545,N181
N545,N187
N545,N546
N545,N776
N546,N181
N546,N186
N546,N452
N546,N547
N546,N958
N546,N998
N547,N211
N547,N518
N547,N548
N548,N15
N548,N26
N548,N28
N548,N63
N548,N218
N548,N324
N548,N549
N548,N899
N548,N926
N549,N13
N549,N341
N549,N550
N549,N771
N550,N131
N550,N313
N550,N427
N550,N494
N550,N551
N550,N624
N551,N6
N551,N72
N551,N390
N551,N519
N551,N541
N551,N552
N551,N629
N551,N635
N551,N667
N551,N783
N552,N346
N552,N415
N552,N545
N552,N553
N552,N629
N552,N828
N553,N38
N553,N43
N553,N334
N553,N554
N553,N817
N554,N102
N554,N167
N554,N555
N554,N596
N554,N879
N554,N914
N554,N954
N554,N957
N555,N556
N556,N55
N556,N63
N556,N130
N556,N368
N556,N538
N556,N542
N556,N557
N556,N877
N557,N336
N557,N422
N557,N478
N557,N558
N557,N660
N557,N735
N557,N743
N557,N875
N558,N83
N558,N127
N558,N208
N558,N407
N558,N559
N558,N670
N558,N795
N559,N431
N559,N500
N559,N560
N559,N619
N559,N829
N560,N540
N560,N561
N560,N646
N560,N734
N561,N50
N561,N103
N561,N132
N561,N173
N561,N370
N561,N562
N561,N595
N561,N630
N561,N644
N561,N646
N561,N650
N561,N818
N561,N912
N562,N84
N562,N563
N562,N823
N562,N856
N563,N548
N563,N564
N563,N566
N563,N587
N563,N715
N563,N865
N564,N248
N564,N278
N564,N565
N564,N817
N564,N998
N565,N119
N565,N433
N565,N445
N565,N548
N565,N566
N565,N730
N565,N798
N566,N567
N566,N589
N566,N761
N566,N952
N567,N131
N567,N193
N567,N313
N567,N568
N568,N0
N568,N100
N568,N108
N568,N195
N568,N389
N568,N467
N568,N565
N568,N569
N569,N66
N569,N143
N569,N185
N569,N189
N569,N570
N569,N856
N569,N945
N570,N11
N570,N103
N570,N571
N570,N623
N570,N765
N571,N149
N571,N254
N571,N446
N571,N510
N571,N572
N572,N71
N572,N224
N572,N333
N572,N432
N572,N573
N572,N779
N572,N829
N573,N25
N573,N129
N573,N411
N573,N498
N573,N574
N573,N676
N573,N735
N573,N859
N574,N519
N574,N575
N574,N821
N575,N442
N575,N561
N575,N576
N575,N760
N576,N199
N576,N440
N576,N503
N576,N577
N576,N776
N576,N803
N576,N878
N576,N945
N577,N69
N577,N553
N577,N578
N577,N638
N577,N652
N578,N329
N578,N353
N578,N388
N578,N390
N578,N579
N578,N592
N578,N602
N579,N359
N579,N375
N579,N478
N579,N580
N579,N894
N580,N332
N580,N581
N580,N669
N580,N985
N581,N582
N581,N613
N581,N790
N581,N862
N581,N984
N582,N14
N582,N67
N582,N296
N582,N405
N582,N583
N582,N820
N582,N962
N583,N151
N583,N437
N583,N584
N583,N717
N583,N770
N584,N477
N584,N585
N584,N610
N584,N671
N584,N960
N585,N248
N585,N586
N585,N711
N585,N751
N585,N825
N585,N901
N585,N928
N586,N253
N586,N310
N586,N345
N586,N587
N586,N709
N586,N941
N586,N954
N587,N316
N587,N588
N587,N919
N588,N317
N588,N589
N588,N645
N588,N711
N588,N759
N588,N953
N589,N442
N589,N590
N589,N847
N590,N344
N590,N536
N590,N591
N590,N827
N591,N233
N591,N329
N591,N549
N591,N592
N591,N679
N591,N760
N591,N799
N591,N800
N591,N978
N592,N502
N592,N522
N592,N576
N592,N593
N592,N622
N592,N655
N592,N798
N592,N812
N593,N56
N593,N298
N593,N515
N593,N594
N594,N23
N594,N595
N594,N614
N594,N801
N595,N102
N595,N262
N595,N433
N595,N560
N595,N596
N595,N649
N596,N3
N596,N389
N596,N578
N596,N597
N596,N619
N596,N699
N596,N849
N596,N940
N597,N82
N597,N213
N597,N390
N597,N454
N597,N527
N597,N598
N597,N685
N598,N172
N598,N220
N598,N369
N598,N472
N598,N599
N598,N602
N599,N137
N599,N548
N599,N600
N599,N716
N599,N845
N600,N211
N600,N391
N600,N502
N600,N584
N600,N601
N600,N672
N600,N795
N600,N875
N600,N974
N601,N189
N601,N358
N601,N602
N601,N623
N601,N682
N601,N883
N601,N892
N602,N422
N602,N603
N603,N148
N603,N181
N603,N238
N603,N344
N603,N378
N603,N433
N603,N604
N603,N810
N603,N837
N603,N991
N604,N237
N604,N243
N604,N274
N604,N294
N604,N605
N604,N616
N604,N697
N604,N770
N604,N789
N604,N939
N605,N242
N605,N456
N605,N533
N605,N606
N605,N671
N605,N883
N605,N898
N606,N153
N606,N191
N606,N210
N606,N235
N606,N461
N606,N462
N606,N607
N606,N649
N606,N743
N607,N315
N607,N544
N607,N608
N607,N747
N607,N947
N608,N121
N608,N388
N608,N469
N608,N479
N608,N533
N608,N609
N608,N766
N608,N973
N609,N160
N609,N422
N609,N526
N609,N610
N609,N730
N609,N816
N610,N357
N610,N374
N610,N611
N611,N101
N611,N281
N611,N328
N611,N360
N611,N612
N611,N776
N611,N951
N612,N1
N612,N281
N612,N338
N612,N359
N612,N613
N612,N617
N612,N628
N613,N96
N613,N184
N613,N200
N613,N216
N613,N219
N613,N304
N613,N309
N613,N614
N613,N693
N613,N929
N613,N977
N614,N11
N614,N19
N614,N400
N614,N615
N614,N871
N615,N182
N615,N495
N615,N616
N615,N650
N615,N651
N615,N806
N615,N870
N615,N932
N616,N109
N616,N276
N616,N469
N616,N617
N616,N626
N616,N894
N617,N18
N617,N69
N617,N223
N617,N268
N617,N618
N617,N685
N618,N167
N618,N201
N618,N271
N618,N325
N618,N350
N618,N486
N618,N586
N618,N619
N618,N641
N618,N664
N618,N821
N619,N13
N619,N115
N619,N218
N619,N300
N619,N356
N619,N599
N619,N620
N619,N734
N619,N775
N620,N515
N620,N589
N620,N621
N620,N770
N620,N799
N620,N839
N620,N918
N621,N86
N621,N227
N621,N423
N621,N622
N621,N676
N622,N48
N622,N146
N622,N169
N622,N549
N622,N569
N622,N607
N622,N623
N622,N796
N622,N895
N623,N624
N623,N778
N624,N625
N624,N878
N625,N39
N625,N150
N625,N626
N626,N67
N626,N92
N626,N129
N626,N149
N626,N512
N626,N627
N627,N45
N627,N305
N627,N323
N627,N415
N627,N418
N627,N485
N627,N628
N627,N689
N628,N95
N628,N229
N628,N417
N628,N629
N628,N967
N629,N258
N629,N354
N629,N508
N629,N575
N629,N630
N629,N804
N629,N818
N629,N830
N629,N974
N630,N71
N630,N482
N630,N493
N630,N526
N630,N631
N630,N993
N631,N618
N631,N632
N631,N645
N631,N749
N632,N174
N632,N437
N632,N484
N632,N633
N632,N910
N633,N458
N633,N523
N633,N540
N633,N603
N633,N620
N633,N634
N633,N995
N634,N135
N634,N635
N634,N786
N635,N238
N635,N401
N635,N636
N635,N702
N635,N709
N635,N744
N636,N134
N636,N163
N636,N211
N636,N290
N636,N637
N636,N738
N636,N841
N637,N5
N637,N107
N637,N340
N637,N362
N637,N556
N637,N638
N637,N667
N637,N892
N638,N138
N638,N532
N638,N536
N638,N639
N638,N663
N639,N336
N639,N555
N639,N640
N640,N217
N640,N641
N640,N824
N640,N862
N641,N328
N641,N528
N641,N642
N641,N715
N641,N896
N642,N51
N642,N149
N642,N643
N642,N674
N643,N11
N643,N253
N643,N361
N643,N451
N643,N644
N643,N803
N644,N128
N644,N197
N644,N645
N645,N179
N645,N321
N645,N637
N645,N646
N645,N844
N646,N381
N646,N547
N646,N647
N647,N105
N647,N227
N647,N379
N647,N550
N647,N648
N648,N191
N648,N251
N648,N649
N648,N682
N648,N711
N649,N195
N649,N255
N649,N336
N649,N399
N649,N401
N649,N600
N649,N601
N649,N650
N649,N655
N649,N815
N650,N163
N650,N270
N650,N286
N650,N372
N650,N651
N650,N740
N650,N905
N651,N211
N651,N297
N651,N443
N651,N652
N651,N801
N651,N825
N652,N69
N652,N505
N652,N653
N652,N996
N653,N166
N653,N311
N653,N342
N653,N359
N653,N487
N653,N654
N653,N749
N653,N817
N654,N377
N654,N417
N654,N655
N654,N845
N654,N927
N655,N182
N655,N217
N655,N223
N655,N241
N655,N286
N655,N339
N655,N387
N655,N549
N655,N656
N655,N760
N655,N811
N655,N923
N656,N289
N656,N657
N656,N941
N657,N130
N657,N597
N657,N658
N658,N68
N658,N148
N658,N201
N658,N238
N658,N339
N658,N476
N658,N614
N658,N619
N658,N659
N659,N183
N659,N368
N659,N660
N659,N696
N659,N991
N660,N5
N660,N594
N660,N661
N660,N694
N660,N696
N660,N750
N661,N348
N661,N423
N661,N509
N661,N662
N662,N25
N662,N214
N662,N663
N662,N748
N663,N214
N663,N605
N663,N664
N663,N730
N663,N871
N664,N256
N664,N326
N664,N393
N664,N665
N664,N699
N664,N913
N665,N68
N665,N619
N665,N666
N666,N89
N666,N212
N666,N462
N666,N667
N667,N395
N667,N596
N667,N649
N667,N668
N667,N673
N667,N961
N668,N201
N668,N293
N668,N306
N668,N669
N668,N829
N669,N127
N669,N447
N669,N522
N669,N572
N669,N670
N669,N963
N670,N33
N670,N567
N670,N613
N670,N665
N670,N671
N671,N176
N671,N193
N671,N315
N671,N391
N671,N672
N671,N876
N672,N70
N672,N375
N672,N673
N672,N696
N672,N729
N672,N913
N673,N9
N673,N104
N673,N674
N674,N675
N674,N837
N675,N413
N675,N486
N675,N676
N675,N811
N676,N121
N676,N677
N676,N801
N677,N6
N677,N248
N677,N297
N677,N472
N677,N678
N677,N839
N678,N144
N678,N351
N678,N414
N678,N569
N678,N679
N678,N978
N679,N106
N679,N642
N679,N680
N679,N890
N679,N950
N680,N681
N680,N687
N680,N717
N680,N724
N680,N866
N681,N94
N681,N108
N681,N251
N681,N544
N681,N682
N681,N836
N682,N2
N682,N157
N682,N272
N682,N294
N682,N360
N682,N683
N682,N816
N682,N878
N682,N890
N683,N259
N683,N361
N683,N401
N683,N491
N683,N531
N683,N684
N683,N703
N684,N133
N684,N143
N684,N190
N684,N217
N684,N685
N685,N97
N685,N377
N685,N405
N685,N622
N685,N686
N686,N31
N686,N342
N686,N348
N686,N448
N686,N496
N686,N521
N686,N687
N686,N812
N687,N412
N687,N517
N687,N644
N687,N688
N687,N855
N688,N124
N688,N140
N688,N689
N688,N698
N688,N762
N688,N930
N689,N120
N689,N191
N689,N273
N689,N690
N689,N697
N690,N212
N690,N360
N690,N556
N690,N691
N690,N754
N691,N23
N691,N220
N691,N268
N691,N299
N691,N342
N691,N692
N692,N12
N692,N347
N692,N693
N692,N820
N693,N93
N693,N170
N693,N174
N693,N270
N693,N465
N693,N513
N693,N624
N693,N644
N693,N694
N693,N928
N694,N431
N694,N642
N694,N695
N694,N730
N695,N501
N695,N696
N696,N392
N696,N398
N696,N697
N696,N714
N696,N814
N697,N216
N697,N327
N697,N331
N697,N499
N697,N698
N698,N72
N698,N690
N698,N699
N698,N772
N698,N783
N698,N873
N699,N3
N699,N80
N699,N176
N699,N415
N699,N543
N699,N646
N699,N700
N699,N747
N699,N751
N700,N394
N700,N426
N700,N427
N700,N701
N700,N880
N700,N912
N701,N541
N701,N548
N701,N702
N702,N58
N702,N309
N702,N470
N702,N609
N702,N703
N703,N95
N703,N103
N703,N238
N703,N364
N703,N473
N703,N589
N703,N704
N703,N772
N704,N67
N704,N356
N704,N389
N704,N479
N704,N502
N704,N546
N704,N705
N704,N919
N704,N961
N705,N38
N705,N78
N705,N255
N705,N504
N705,N706
N705,N735
N706,N389
N706,N637
N706,N691
N706,N707
N706,N748
N707,N222
N707,N337
N707,N660
N707,N708
N707,N728
N708,N709
N708,N831
N708,N856
N708,N859
N708,N949
N708,N969
N709,N133
N709,N307
N709,N601
N709,N710
N710,N492
N710,N576
N710,N711
N711,N12
N711,N109
N711,N173
N711,N289
N711,N602
N711,N712
N711,N835
N711,N836
N711,N859
N711,N889
N711,N992
N712,N38
N712,N90
N712,N215
N712,N277
N712,N427
N712,N446
N712,N642
N712,N686
N712,N713
N712,N971
N713,N256
N713,N274
N713,N337
N713,N516
N713,N572
N713,N714
N713,N721
N713,N738
N713,N771
N713,N774
N713,N889
N713,N971
N714,N480
N714,N715
N714,N943
N715,N77
N715,N92
N715,N209
N715,N716
N715,N842
N715,N975
N716,N182
N716,N277
N716,N320
N716,N453
N716,N572
N716,N717
N717,N430
N717,N509
N717,N718
N717,N857
N718,N719
N719,N167
N719,N301
N719,N580
N719,N720
N719,N730
N719,N817
N720,N278
N720,N496
N720,N658
N720,N721
N720,N853
N720,N953
N721,N168
N721,N354
N721,N702
N721,N722
N721,N738
N721,N758
N721,N805
N721,N859
N721,N877
N722,N102
N722,N723
N722,N730
N722,N981
N723,N249
N723,N289
N723,N470
N723,N724
N723,N839
N723,N998
N724,N459
N724,N714
N724,N725
N724,N953
N725,N5
N725,N126
N725,N153
N725,N239
N725,N293
N725,N619
N725,N726
N725,N926
N725,N935
N725,N959
N725,N968
N726,N108
N726,N160
N726,N205
N726,N290
N726,N341
N726,N444
N726,N596
N726,N727
N726,N772
N727,N123
N727,N214
N727,N494
N727,N728
N727,N790
N728,N15
N728,N200
N728,N488
N728,N599
N728,N607
N728,N729
N728,N991
N729,N192
N729,N238
N729,N272
N729,N518
N729,N533
N729,N697
N729,N730
N729,N825
N729,N988
N730,N731
N730,N851
N730,N994
N731,N69
N731,N256
N731,N422
N731,N675
N731,N699
N731,N732
N731,N890
N731,N983
N732,N21
N732,N352
N732,N413
N732,N504
N732,N516
N732,N528
N732,N536
N732,N733
N733,N112
N733,N163
N733,N211
N733,N734
N733,N989
N734,N554
N734,N576
N734,N735
N734,N861
N735,N320
N735,N518
N735,N736
N736,N1
N736,N263
N736,N286
N736,N303
N736,N562
N736,N660
N736,N711
N736,N737
N736,N957
N737,N494
N737,N502
N737,N519
N737,N523
N737,N623
N737,N738
N737,N771
N738,N342
N738,N405
N738,N739
N738,N761
N738,N807
N739,N37
N739,N288
N739,N433
N739,N596
N739,N740
N739,N798
N739,N872
N739,N972
N740,N257
N740,N423
N740,N733
N740,N741
N741,N387
N741,N469
N741,N595
N741,N732
N741,N742
N741,N794
N742,N212
N742,N538
N742,N568
N742,N650
N742,N743
N742,N764
N742,N928
N743,N82
N743,N96
N743,N153
N743,N298
N743,N372
N743,N420
N743,N592
N743,N691
N743,N744
N743,N930
N743,N933
N743,N998
N744,N735
N744,N745
N745,N224
N745,N295
N745,N418
N745,N746
N746,N55
N746,N89
N746,N215
N746,N461
N746,N600
N746,N747
N747,N14
N747,N174
N747,N187
N747,N340
N747,N347
N747,N400
N747,N442
N747,N493
N747,N748
N747,N823
N747,N996
N748,N117
N748,N749
N748,N849
N748,N865
N749,N184
N749,N472
N749,N602
N749,N750
N749,N849
N749,N936
N750,N2
N750,N325
N750,N377
N750,N378
N750,N751
N750,N817
N751,N56
N751,N280
N751,N684
N751,N748
N751,N752
N751,N794
N752,N37
N752,N286
N752,N390
N752,N401
N752,N635
N752,N707
N752,N753
N752,N994
N753,N49
N753,N121
N753,N754
N754,N38
N754,N106
N754,N305
N754,N638
N754,N755
N754,N997
N755,N117
N755,N222
N755,N232
N755,N316
N755,N324
N755,N381
N755,N536
N755,N756
N755,N830
N756,N110
N756,N328
N756,N427
N756,N441
N756,N502
N756,N638
N756,N754
N756,N757
N756,N773
N757,N542
N757,N618
N757,N700
N757,N758
N757,N893
N757,N920
N757,N929
N757,N936
N758,N376
N758,N383
N758,N738
N758,N759
N758,N769
N758,N794
N759,N38
N759,N92
N759,N113
N759,N388
N759,N465
N759,N476
N759,N760
N760,N18
N760,N298
N760,N605
N760,N645
N760,N655
N760,N659
N760,N761
N760,N999
N761,N283
N761,N581
N761,N593
N761,N762
N762,N2
N762,N636
N762,N763
N763,N106
N763,N764
N763,N924
N763,N946
N764,N322
N764,N502
N764,N568
N764,N586
N764,N765
N765,N174
N765,N707
N765,N766
N766,N54
N766,N91
N766,N153
N766,N763
N766,N767
N766,N845
N766,N862
N766,N913
N767,N32
N767,N139
N767,N409
N767,N684
N767,N756
N767,N768
N767,N822
N768,N7
N768,N105
N768,N189
N768,N519
N768,N608
N768,N769
N768,N887
N768,N927
N769,N65
N769,N222
N769,N308
N769,N622
N769,N770
N769,N788
N769,N794
N769,N894
N770,N46
N770,N285
N770,N468
N770,N771
N770,N815
N771,N265
N771,N306
N771,N569
N771,N626
N771,N684
N771,N772
N771,N937
N772,N71
N772,N172
N772,N230
N772,N317
N772,N567
N772,N568
N772,N686
N772,N773
N773,N56
N773,N336
N773,N518
N773,N644
N773,N676
N773,N774
N773,N846
N773,N856
N773,N963
N773,N975
N774,N249
N774,N352
N774,N413
N774,N775
N775,N135
N775,N425
N775,N529
N775,N776
N775,N892
N776,N404
N776,N457
N776,N472
N776,N505
N776,N606
N776,N777
N776,N852
N777,N246
N777,N273
N777,N339
N777,N778
N778,N285
N778,N681
N778,N710
N778,N779
N778,N882
N779,N165
N779,N197
N779,N369
N779,N687
N779,N780
N779,N920
N780,N10
N780,N190
N780,N726
N780,N781
N780,N889
N780,N902
N780,N977
N781,N263
N781,N327
N781,N782
N781,N924
N781,N968
N782,N41
N782,N192
N782,N410
N782,N569
N782,N783
N783,N196
N783,N310
N783,N370
N783,N784
N784,N95
N784,N400
N784,N785
N784,N808
N785,N78
N785,N119
N785,N563
N785,N786
N785,N980
N786,N18
N786,N103
N786,N742
N786,N787
N786,N900
N787,N37
N787,N62
N787,N81
N787,N95
N787,N177
N787,N344
N787,N523
N787,N788
N787,N806
N787,N835
N788,N28
N788,N389
N788,N789
N788,N900
N788,N950
N789,N40
N789,N72
N789,N263
N789,N288
N789,N369
N789,N399
N789,N456
N789,N552
N789,N626
N789,N790
N789,N973
N790,N9
N790,N256
N790,N304
N790,N342
N790,N612
N790,N791
N791,N271
N791,N560
N791,N588
N791,N792
N791,N921
N792,N233
N792,N338
N792,N451
N792,N793
N792,N865
N793,N41
N793,N267
N793,N709
N793,N794
N793,N863
N793,N929
N793,N967
N794,N704
N794,N795
N794,N970
N795,N81
N795,N134
N795,N157
N795,N196
N795,N221
N795,N299
N795,N346
N795,N551
N795,N796
N795,N917
N796,N23
N796,N187
N796,N410
N796,N539
N796,N705
N796,N736
N796,N797
N797,N144
N797,N375
N797,N386
N797,N704
N797,N798
N797,N979
N798,N346
N798,N354
N798,N405
N798,N551
N798,N658
N798,N799
N799,N308
N799,N387
N799,N752
N799,N800
N800,N299
N800,N317
N800,N648
N800,N801
N800,N883
N800,N905
N801,N49
N801,N176
N801,N293
N801,N611
N801,N802
N801,N816
N801,N887
N801,N918
N802,N80
N802,N290
N802,N558
N802,N768
N802,N803
N802,N918
N802,N935
N803,N382
N803,N804
N804,N371
N804,N656
N804,N805
N804,N927
N804,N937
N805,N241
N805,N659
N805,N806
N805,N880
N806,N37
N806,N300
N806,N431
N806,N475
N806,N521
N806,N807
N806,N877
N806,N885
N807,N76
N807,N288
N807,N305
N807,N631
N807,N640
N807,N734
N807,N808
N807,N813
N807,N972
N808,N18
N808,N41
N808,N198
N808,N473
N808,N636
N808,N732
N808,N809
N809,N38
N809,N186
N809,N567
N809,N677
N809,N807
N809,N810
N809,N842
N810,N37
N810,N132
N810,N167
N810,N245
N810,N432
N810,N710
N810,N811
N810,N871
N811,N399
N811,N456
N811,N474
N811,N812
N812,N80
N812,N126
N812,N235
N812,N311
N812,N450
N812,N541
N812,N655
N812,N715
N812,N813
N812,N971
N813,N23
N813,N34
N813,N248
N813,N381
N813,N532
N813,N814
N813,N854
N814,N738
N814,N815
N814,N953
N815,N93
N815,N233
N815,N292
N815,N757
N815,N816
N815,N870
N815,N925
N816,N433
N816,N618
N816,N624
N816,N644
N816,N817
N817,N49
N817,N53
N817,N161
N817,N264
N817,N588
N817,N600
N817,N636
N817,N806
N817,N818
N817,N861
N817,N979
N818,N133
N818,N515
N818,N571
N818,N593
N818,N634
N818,N713
N818,N768
N818,N819
N818,N832
N819,N28
N819,N93
N819,N512
N819,N593
N819,N684
N819,N802
N819,N820
N819,N972
N820,N126
N820,N440
N820,N458
N820,N585
N820,N821
N820,N978
N821,N195
N821,N576
N821,N662
N821,N822
N821,N839
N821,N976
N822,N823
N822,N831
N822,N871
N823,N231
N823,N539
N823,N620
N823,N667
N823,N752
N823,N824
N823,N836
N823,N980
N824,N38
N824,N113
N824,N156
N824,N226
N824,N314
N824,N399
N824,N665
N824,N825
N825,N193
N825,N673
N825,N752
N825,N826
N825,N827
N825,N870
N826,N52
N826,N229
N826,N534
N826,N731
N826,N827
N827,N6
N827,N512
N827,N658
N827,N828
N827,N867
N827,N968
N828,N224
N828,N829
N828,N872
N829,N343
N829,N366
N829,N408
N829,N745
N829,N775
N829,N830
N830,N76
N830,N166
N830,N272
N830,N282
N830,N620
N830,N831
N830,N944
N831,N139
N831,N465
N831,N806
N831,N832
N832,N375
N832,N381
N832,N411
N832,N578
N832,N775
N832,N833
N832,N999
N833,N344
N833,N530
N833,N638
N833,N718
N833,N806
N833,N834
N834,N22
N834,N31
N834,N112
N834,N370
N834,N514
N834,N835
N834,N839
N834,N939
N835,N49
N835,N347
N835,N369
N835,N377
N835,N836
N836,N125
N836,N216
N836,N246
N836,N485
N836,N733
N836,N826
N836,N828
N836,N837
N837,N388
N837,N663
N837,N838
N837,N849
N837,N865
N838,N357
N838,N380
N838,N682
N838,N839
N838,N850
N839,N432
N839,N565
N839,N739
N839,N840
N839,N954
N840,N429
N840,N657
N840,N717
N840,N827
N840,N841
N841,N42
N841,N93
N841,N241
N841,N753
N841,N842
N842,N50
N842,N60
N842,N93
N842,N142
N842,N192
N842,N547
N842,N598
N842,N602
N842,N770
N842,N771
N842,N837
N842,N843
N842,N855
N843,N483
N843,N665
N843,N728
N843,N844
N844,N92
N844,N274
N844,N641
N844,N808
N844,N845
N845,N555
N845,N777
N845,N846
N845,N978
N846,N542
N846,N568
N846,N814
N846,N847
N846,N861
N846,N891
N847,N152
N847,N324
N847,N534
N847,N576
N847,N666
N847,N848
N848,N569
N848,N585
N848,N849
N849,N27
N849,N53
N849,N112
N849,N155
N849,N207
N849,N314
N849,N434
N849,N530
N849,N611
N849,N837
N849,N850
N850,N72
N850,N343
N850,N851
N850,N996
N851,N45
N851,N149
N851,N276
N851,N343
N851,N520
N851,N852
N852,N10
N852,N34
N852,N128
N852,N139
N852,N474
N852,N545
N852,N853
N853,N240
N853,N689
N853,N780
N853,N854
N854,N61
N854,N189
N854,N547
N854,N855
N854,N938
N854,N965
N855,N618
N855,N836
N855,N856
N855,N941
N856,N208
N856,N657
N856,N857
N857,N53
N857,N530
N857,N591
N857,N630
N857,N858
N857,N940
N858,N80
N858,N114
N858,N149
N858,N836
N858,N841
N858,N859
N858,N867
N858,N980
N859,N63
N859,N338
N859,N354
N859,N860
N859,N929
N859,N942
N860,N216
N860,N433
N860,N512
N860,N563
N860,N628
N860,N697
N860,N861
N860,N870
N860,N904
N861,N526
N861,N738
N861,N862
N862,N126
N862,N470
N862,N632
N862,N669
N862,N857
N862,N863
N863,N126
N863,N791
N863,N861
N863,N864
N863,N896
N864,N11
N864,N225
N864,N318
N864,N451
N864,N669
N864,N865
N864,N892
N865,N219
N865,N428
N865,N534
N865,N555
N865,N565
N865,N750
N865,N866
N865,N919
N866,N190
N866,N376
N866,N421
N866,N432
N866,N867
N866,N923
N867,N57
N867,N98
N867,N204
N867,N868
N868,N399
N868,N482
N868,N536
N868,N727
N868,N802
N868,N869
N868,N978
N869,N110
N869,N794
N869,N838
N869,N870
N870,N156
N870,N439
N870,N585
N870,N871
N871,N45
N871,N153
N871,N414
N871,N699
N871,N733
N871,N855
N871,N872
N872,N487
N872,N873
N873,N0
N873,N344
N873,N458
N873,N718
N873,N874
N873,N952
N873,N963
N874,N199
N874,N799
N874,N875
N875,N124
N875,N181
N875,N235
N875,N253
N875,N351
N875,N523
N875,N790
N875,N876
N876,N395
N876,N877
N876,N884
N876,N905
N877,N405
N877,N621
N877,N878
N878,N403
N878,N472
N878,N533
N878,N879
N878,N941
N879,N31
N879,N152
N879,N218
N879,N880
N879,N930
N880,N14
N880,N88
N880,N298
N880,N472
N880,N545
N880,N572
N880,N722
N880,N791
N880,N881
N881,N30
N881,N161
N881,N308
N881,N406
N881,N882
N882,N353
N882,N648
N882,N782
N882,N883
N883,N884
N883,N952
N883,N999
N884,N4
N884,N101
N884,N139
N884,N808
N884,N885
N885,N244
N885,N250
N885,N404
N885,N440
N885,N579
N885,N597
N885,N886
N886,N4
N886,N26
N886,N161
N886,N208
N886,N253
N886,N383
N886,N734
N886,N887
N887,N216
N887,N219
N887,N232
N887,N547
N887,N888
N888,N119
N888,N400
N888,N889
N888,N919
N889,N117
N889,N665
N889,N890
N889,N907
N889,N916
N889,N971
N890,N22
N890,N134
N890,N428
N890,N620
N890,N669
N890,N788
N890,N891
N891,N288
N891,N628
N891,N716
N891,N799
N891,N892
N891,N966
N892,N382
N892,N571
N892,N893
N893,N3
N893,N194
N893,N809
N893,N894
N894,N537
N894,N868
N894,N895
N894,N955
N895,N61
N895,N97
N895,N209
N895,N896
N895,N941
N895,N964
N895,N971
N896,N156
N896,N234
N896,N372
N896,N511
N896,N576
N896,N897
N896,N965
N897,N196
N897,N373
N897,N898
N897,N947
N898,N446
N898,N563
N898,N624
N898,N650
N898,N685
N898,N802
N898,N874
N898,N899
N899,N48
N899,N56
N899,N814
N899,N900
N899,N918
N900,N190
N900,N343
N900,N423
N900,N497
N900,N901
N900,N973
N901,N151
N901,N541
N901,N880
N901,N902
N901,N942
N901,N977
N902,N96
N902,N130
N902,N276
N902,N405
N902,N635
N902,N655
N902,N676
N902,N678
N902,N746
N902,N844
N902,N869
N902,N903
N902,N916
N903,N161
N903,N904
N904,N93
N904,N128
N904,N251
N904,N332
N904,N465
N904,N905
N905,N40
N905,N42
N905,N96
N905,N129
N905,N452
N905,N777
N905,N785
N905,N847
N905,N906
N906,N269
N906,N285
N906,N330
N906,N401
N906,N557
N906,N599
N906,N680
N906,N907
N907,N577
N907,N735
N907,N843
N907,N866
N907,N869
N907,N908
N907,N930
N908,N23
N908,N356
N908,N632
N908,N780
N908,N909
N909,N899
N909,N910
N910,N392
N910,N458
N910,N578
N910,N668
N910,N911
N911,N91
N911,N412
N911,N738
N911,N912
N912,N140
N912,N224
N912,N277
N912,N497
N912,N693
N912,N801
N912,N913
N912,N954
N912,N958
N913,N228
N913,N240
N913,N443
N913,N613
N913,N914
N914,N8
N914,N347
N914,N915
N914,N954
N914,N979
N915,N363
N915,N788
N915,N872
N915,N916
N916,N321
N916,N381
N916,N391
N916,N781
N916,N832
N916,N917
N917,N300
N917,N317
N917,N436
N917,N470
N917,N918
N917,N984
N918,N41
N918,N109
N918,N818
N918,N919
N919,N33
N919,N206
N919,N306
N919,N522
N919,N574
N919,N688
N919,N920
N920,N38
N920,N67
N920,N299
N920,N477
N920,N543
N920,N648
N920,N921
N921,N68
N921,N122
N921,N680
N921,N737
N921,N739
N921,N865
N921,N889
N921,N893
N921,N922
N922,N405
N922,N888
N922,N923
N922,N960
N923,N105
N923,N148
N923,N265
N923,N621
N923,N644
N923,N837
N923,N900
N923,N914
N923,N924
N924,N269
N924,N450
N924,N759
N924,N925
N925,N19
N925,N926
N926,N14
N926,N16
N926,N213
N926,N306
N926,N759
N926,N927
N927,N324
N927,N697
N927,N840
N927,N892
N927,N928
N928,N920
N928,N923
N928,N929
N929,N525
N929,N849
N929,N930
N929,N958
N930,N13
N930,N51
N930,N114
N930,N123
N930,N220
N930,N551
N930,N598
N930,N640
N930,N676
N930,N716
N930,N768
N930,N841
N930,N931
N931,N69
N931,N127
N931,N168
N931,N390
N931,N598
N931,N664
N931,N788
N931,N803
N931,N856
N931,N932
N932,N248
N932,N264
N932,N282
N932,N304
N932,N588
N932,N756
N932,N933
N932,N960
N933,N358
N933,N636
N933,N912
N933,N934
N933,N950
N933,N993
N934,N424
N934,N617
N934,N693
N934,N935
N935,N97
N935,N330
N935,N455
N935,N535
N935,N936
N935,N940
N936,N4
N936,N195
N936,N680
N936,N742
N936,N756
N936,N937
N937,N65
N937,N217
N937,N493
N937,N601
N937,N743
N937,N782
N937,N931
N937,N938
N937,N962
N937,N969
N938,N198
N938,N363
N938,N642
N938,N716
N938,N939
N939,N172
N939,N184
N939,N423
N939,N599
N939,N722
N939,N748
N939,N889
N939,N940
N940,N102
N940,N157
N940,N288
N940,N378
N940,N507
N940,N605
N940,N754
N940,N941
N940,N966
N941,N265
N941,N267
N941,N331
N941,N362
N941,N644
N941,N942
N942,N101
N942,N145
N942,N208
N942,N270
N942,N615
N942,N660
N942,N943
N943,N129
N943,N227
N943,N438
N943,N944
N944,N163
N944,N181
N944,N282
N944,N308
N944,N566
N944,N626
N944,N744
N944,N844
N944,N891
N944,N945
N944,N968
N945,N194
N945,N838
N945,N946
N946,N28
N946,N295
N946,N374
N946,N456
N946,N497
N946,N622
N946,N711
N946,N771
N946,N781
N946,N834
N946,N947
N947,N451
N947,N543
N947,N736
N947,N948
N947,N973
N948,N238
N948,N272
N948,N718
N948,N749
N948,N949
N948,N967
N948,N992
N949,N465
N949,N536
N949,N659
N949,N815
N949,N950
N950,N343
N950,N365
N950,N403
N950,N721
N950,N785
N950,N951
N951,N609
N951,N720
N951,N730
N951,N764
N951,N952
N951,N980
N952,N52
N952,N262
N952,N304
N952,N354
N952,N492
N952,N806
N952,N953
N952,N980
N953,N52
N953,N954
N954,N221
N954,N587
N954,N646
N954,N858
N954,N955
N955,N398
N955,N554
N955,N694
N955,N727
N955,N731
N955,N804
N955,N908
N955,N956
N956,N142
N956,N177
N956,N312
N956,N501
N956,N695
N956,N957
N957,N476
N957,N615
N957,N871
N957,N877
N957,N958
N958,N139
N958,N316
N958,N442
N958,N750
N958,N934
N958,N959
N959,N646
N959,N671
N959,N758
N959,N960
N960,N126
N960,N225
N960,N496
N960,N558
N960,N584
N960,N735
N960,N961
N961,N687
N961,N713
N961,N946
N961,N962
N962,N134
N962,N203
N962,N282
N962,N292
N962,N963
N963,N290
N963,N416
N963,N457
N963,N861
N963,N964
N964,N23
N964,N288
N964,N670
N964,N965
N965,N75
N965,N966
N966,N110
N966,N178
N966,N403
N966,N446
N966,N461
N966,N465
N966,N766
N966,N967
N967,N133
N967,N289
N967,N380
N967,N421
N967,N712
N967,N904
N967,N968
N968,N17
N968,N418
N968,N541
N968,N689
N968,N969
N969,N346
N969,N614
N969,N970
N970,N2
N970,N155
N970,N182
N970,N202
N970,N450
N970,N624
N970,N656
N970,N657
N970,N698
N970,N912
N970,N971
N971,N102
N971,N315
N971,N358
N971,N432
N971,N530
N971,N775
N971,N787
N971,N972
N972,N131
N972,N169
N972,N491
N972,N635
N972,N763
N972,N973
N973,N420
N973,N893
N973,N974
N973,N984
N974,N200
N974,N416
N974,N457
N974,N507
N974,N576
N974,N760
N974,N771
N974,N975
N975,N104
N975,N313
N975,N349
N975,N391
N975,N558
N975,N657
N975,N785
N975,N909
N975,N976
N976,N37
N976,N126
N976,N199
N976,N227
N976,N350
N976,N771
N976,N811
N976,N862
N976,N977
N977,N461
N977,N518
N977,N906
N977,N978
N978,N26
N978,N140
N978,N450
N978,N576
N978,N869
N978,N979
N979,N303
N979,N758
N979,N976
N979,N980
N980,N208
N980,N229
N980,N235
N980,N260
N980,N452
N980,N594
N980,N981
N981,N213
N981,N222
N981,N347
N981,N769
N981,N819
N981,N937
N981,N982
N982,N590
N982,N839
N982,N885
N982,N983
N983,N10
N983,N422
N983,N760
N983,N843
N983,N920
N983,N984
N984,N31
N984,N107
N984,N340
N984,N562
N984,N645
N984,N943
N984,N985
N985,N10
N985,N162
N985,N642
N985,N986
N986,N412
N986,N838
N986,N869
N986,N931
N986,N987
N987,N988
N988,N61
N988,N495
N988,N526
N988,N553
N988,N989
N989,N264
N989,N811
N989,N908
N989,N990
N989,N999
N990,N18
N990,N20
N990,N442
N990,N511
N990,N991
N991,N178
N991,N257
N991,N808
N991,N944
N991,N992
N992,N50
N992,N391
N992,N534
N992,N685
N992,N768
N992,N851
N992,N923
N992,N924
N992,N964
N992,N993
N993,N465
N993,N576
N993,N676
N993,N677
N993,N766
N993,N994
N994,N76
N994,N292
N994,N551
N994,N585
N994,N903
N994,N995
N995,N190
N995,N996
N996,N782
N996,N835
N996,N883
N996,N915
N996,N997
N997,N101
N997,N219
N997,N295
N997,N535
N997,N558
N997,N614
N997,N796
N997,N802
N997,N804
N997,N901
N997,N998
N998,N238
N998,N338
N998,N548
N998,N654
N998,N782
N998,N932
N998,N999
N999,N32
N999,N84
N999,N158
N999,N368
N999,N692
N999,N836
N999,N876
N999,N910
